TargetStage,Trait,Model,n,Spearman_rho,p_value
E1,DH,ElasticNet,49,0.1275542437967398,0.38244231037047505
E1,DH,RF,49,0.40851072793052784,0.0035675201189592607
E1,DH,Ridge,49,0.7435130230122338,9.37374020369699e-10
E1,DH,SVM,49,0.2647796454968143,0.0659774030320813
E1,DH,XGBoost,49,0.24203124033197965,0.0938370511508977
E1,GY,ElasticNet,49,0.32775510204081626,0.021506921832436125
E1,GY,RF,49,0.6416326530612245,6.762612114768965e-07
E1,GY,Ridge,49,0.37642857142857133,0.0076801759013743354
E1,GY,SVM,49,0.21286043050714298,0.14198320136345347
E1,GY,XGBoost,49,0.4230612244897959,0.002456978476641186
E2,DH,ElasticNet,56,0.5089542036910458,6.189405360496353e-05
E2,DH,RF,56,0.5667122351332878,5.283549048638035e-06
E2,DH,Ridge,56,0.4082023239917977,0.0017897157123400631
E2,DH,SVM,56,0.6602187286397813,3.099994586761729e-08
E2,DH,XGBoost,56,0.6334928229665072,1.6050007886215043e-07
E2,GY,ElasticNet,56,0.20437457279562543,0.13081331185239065
E2,GY,RF,56,0.21373889268626112,0.11370898975611946
E2,GY,Ridge,56,0.1868762816131237,0.16786504461411567
E2,GY,SVM,56,-0.1548872180451128,0.25436032853584917
E2,GY,XGBoost,56,-0.06129390851829466,0.653605743492745
E3,DH,ElasticNet,19,0.1906857074907953,0.43423351587487863
E3,DH,RF,19,0.42618694992182354,0.06883585265517106
E3,DH,Ridge,19,0.20738169109598012,0.3942667294287386
E3,DH,SVM,19,0.5166967557815098,0.02350407224768311
E3,DH,XGBoost,19,0.4384892536309071,0.060385339703584236
E3,GY,ElasticNet,19,-0.05616499004927112,0.8193533956890141
E3,GY,RF,19,-0.012286091573278058,0.9601864061091587
E3,GY,Ridge,19,0.009653357664718473,0.9687133737664514
E3,GY,SVM,19,-0.026327339085595834,0.9148006495232739
E3,GY,XGBoost,19,0.002632733908559584,0.9914654436895748
E4,DH,ElasticNet,30,0.2667774205389399,0.15413128124937747
E4,DH,RF,30,0.3104563432972046,0.09497219068666567
E4,DH,Ridge,30,0.4730763326433594,0.00828479978026879
E4,DH,SVM,30,-0.19577117174729927,0.2998312336647817
E4,DH,XGBoost,30,0.4585166917239379,0.01082376777859989
E4,GY,ElasticNet,30,-0.16529477196885425,0.38271017532929485
E4,GY,RF,30,-0.12124582869855395,0.5233214598378129
E4,GY,Ridge,30,-0.15150166852057842,0.4241872393448999
E4,GY,SVM,30,-0.10344827586206896,0.5864438659169561
E4,GY,XGBoost,30,-0.24938820912124582,0.18383913614113623
