Model,Selection_threshold,k,precision_F6,precision_F10,overlap_F6_F10,candidate_loss_vs_F10,selection_diff_F6,selection_diff_F10,selection_diff_F6_minus_F10
XGBoost,Top 10%,5,0.2,0.0,0.4,0.6,1528.951592737947,909.3371198845052,619.6144728534418
XGBoost,Top 15%,8,0.25,0.25,0.75,0.25,1120.985158,1263.532208,-142.54705
XGBoost,Top 20%,10,0.5,0.4,0.6,0.4,1274.1419272733865,1541.4220861537242,-267.2801588803377
XGBoost,Top 25%,13,0.461538,0.461538,0.615385,0.384615,975.290331,1405.600566,-430.310234
XGBoost,Top 30%,15,0.6,0.6,0.733333,0.266667,1149.9759928310186,1238.6986126535585,-88.72261982253985
XGBoost,Top 35%,18,0.666667,0.722222,0.666667,0.333333,1103.305695,1147.375728,-44.070032
XGBoost,Top 40%,20,0.75,0.7,0.75,0.25,1113.684162,1056.677592,57.00657
XGBoost,Top 45%,23,0.782609,0.73913,0.73913,0.26087,1048.079055,1015.564377,32.514678
XGBoost,Top 50%,25,0.76,0.76,0.8,0.2,1012.284106,1047.215207,-34.931102
