Stage,Trait,flight_max,n,r,R2,RMSE,MAE
E1,DH,1,49,0.0251296883723363,-0.18958757782942448,5.874127769076098,4.699868171374036
E1,DH,2,49,0.06782492683685155,-0.17204486511923922,5.8306543523560785,4.714777299234223
E1,DH,3,49,-0.06501423102341354,-0.2941811561288392,6.126927120813565,4.796529055302657
E1,DH,4,49,0.3272456237294916,0.05828688621776368,5.226422171834848,4.050777252628909
E1,DH,5,49,0.5387836368439507,0.2871822987914764,4.547099068990493,3.47871987910687
E1,DH,6,49,0.6119340621874141,0.37112648600163156,4.270973045153495,3.450197885357613
E1,DH,7,49,0.6048754510395498,0.35485594556194866,4.325870638460931,3.457448761989618
E1,DH,8,49,0.5953530526865245,0.3440117212750987,4.362075901610409,3.546705951953381
E1,DH,9,49,0.7005596017704294,0.48881000045500655,3.850670457186768,3.0760432167508087
E1,DH,10,49,0.8089202109801381,0.6523526450814692,3.1755184704938286,2.308151391063573
E1,GY,1,49,-0.04721813704721128,-0.2685566434062301,1882.7408686478684,1542.6110653404585
E1,GY,2,49,0.01676557698290724,-0.18559246754112646,1820.1338796875075,1496.8065050927135
E1,GY,3,49,-0.1666390397714478,-0.39702417555688196,1975.7754224433486,1587.9206324761512
E1,GY,4,49,0.08630014069902425,-0.11357651715909078,1763.988095630217,1437.050406709484
E1,GY,5,49,0.4310316607617995,0.17410953333284207,1519.1366604220798,1239.4248121365224
E1,GY,6,49,0.7254379461641396,0.5254612053021901,1151.519984070208,936.8267329159075
E1,GY,7,49,0.7449761590801122,0.551793647636495,1119.1147547075102,940.8053263601603
E1,GY,8,49,0.6991832820147463,0.4865603833891923,1197.7889593456025,986.6998183542544
E1,GY,9,49,0.6613240374141652,0.43661507176806635,1254.695181543789,1051.4837775376157
E1,GY,10,49,0.7774271015924071,0.6014908891908151,1055.2485044139396,876.9864368091177
E2,DH,1,56,-0.06357901308254037,-0.3056687010996362,3.869499968418483,2.94554719330334
E2,DH,2,56,0.011976974630283306,-0.31198474759432937,3.8788478437633005,2.828650706389769
E2,DH,3,56,0.0605784507781903,-0.22174812315549453,3.743080703864057,2.813543015605331
E2,DH,4,56,0.49279900262093357,0.24067542977047995,2.9508835894897274,2.2689885377051433
E2,DH,5,56,0.4833586577876479,0.22265712583421782,2.9856896427374826,2.16138362479584
E2,DH,6,56,0.47878077639398353,0.21901751413147486,2.99267115704826,2.2009471463921035
E2,DH,7,56,0.5785906906750544,0.3320935691329314,2.767554380459507,2.15126984284565
E2,DH,8,56,0.6581591270646165,0.41009777920044144,2.600928216972806,1.8655322811229473
E2,DH,9,56,0.67518459439023,0.4515503913723363,2.5078797928094905,1.9281745536665131
E2,DH,10,56,0.6882645692396265,0.4553532599958643,2.499170034367862,1.8704978555542617
E2,GY,1,56,0.14478450307041021,-0.06513050344398419,409.2311987974095,313.6532812827164
E2,GY,2,56,0.14364566761659292,-0.08300423945357793,412.65052602878325,307.6078494465625
E2,GY,3,56,0.14491805661991033,-0.11374376054937008,418.46579671513024,330.1141913042289
E2,GY,4,56,0.23188545568635172,-0.04010896049320456,404.3958998317329,308.21112626317426
E2,GY,5,56,0.2629183729247276,-0.0005078060619856384,396.6226988675955,292.99182535901065
E2,GY,6,56,0.23638776605493825,-0.06843149970353335,409.8648421087671,312.3061726959994
E2,GY,7,56,0.30512616189725544,0.051561025478657485,386.164210271117,289.2333691571855
E2,GY,8,56,0.3869566842561402,0.1358457759336421,368.6064694533936,275.25481340650606
E2,GY,9,56,0.2849331121763139,0.02557567047940079,391.41853234641076,297.37278199157805
E2,GY,10,56,0.5088603279446893,0.245398782747836,344.4499098593981,265.4175771957211
E3,DH,1,19,-0.34733416605979767,-0.5775387643546352,3.6031437206428008,3.1592049739562693
E3,DH,2,19,-0.1514167595285393,-0.3554602909339961,3.3399115456501303,2.8279943319174103
E3,DH,3,19,0.04792796212900013,-0.1454433223384881,3.0702827167300066,2.5904520315402038
E3,DH,4,19,0.1953675909151317,-0.0035969785256346753,2.8738972583504814,2.23192335318805
E3,DH,5,19,-0.20871906134149895,-0.3148848817896319,3.289541968021572,2.7145128504028935
E3,DH,6,19,-0.36025773958461466,-0.33830295736873217,3.318706029247046,2.672630997293904
E3,DH,7,19,0.04730802219381342,-0.17736185508351499,3.112766515746218,2.5497350924981887
E3,DH,8,19,0.07828785590390003,-0.18496311932886833,3.122798645472081,2.510106261618099
E3,DH,9,19,0.08652577802925031,-0.13070985486836895,3.050472780922584,2.558252374549143
E3,DH,10,19,0.03268671392462498,-0.09154126384660599,2.997171847189977,2.503886727886793
E3,GY,1,19,-0.6669709745434595,-0.877779296526934,207.13403108828095,169.65855290076018
E3,GY,2,19,-0.4393870105166262,-0.7542248920042034,200.20357050367977,163.73837773179676
E3,GY,3,19,-0.6530289690974596,-0.6827886096073965,196.08481637099598,161.14079059949918
E3,GY,4,19,-0.5238742560468601,-0.6739461239857023,195.56895808129275,163.2929170481328
E3,GY,5,19,0.12566235065700251,-0.10444121137387974,158.85485254449563,128.69643131913608
E3,GY,6,19,-0.05401728293437212,-0.24650405233954187,168.76253149230257,135.55022507448285
E3,GY,7,19,0.06376824342875874,-0.10138768791855979,158.6351021621615,120.82584411496579
E3,GY,8,19,-0.10064165576443833,-0.3110114255767966,173.07423563391225,133.92511940279473
E3,GY,9,19,0.09226935030207166,-0.15385649341268826,162.36973548249685,120.71484090473506
E3,GY,10,19,-0.06939474529786215,-0.29991537545647096,172.34025225021946,134.72189199159143
E4,DH,1,30,-0.06256040073187538,-0.23126077457150607,2.5148012530549657,1.9165270498766054
E4,DH,2,30,-0.004158084619619109,-0.13669875559333589,2.416302695466785,1.7699288938286648
E4,DH,3,30,0.04906873030481501,-0.18808634026234072,2.470316774616921,1.7492532044351818
E4,DH,4,30,0.024284297849849264,-0.21916657999466715,2.5024198173672767,1.849865745928137
E4,DH,5,30,0.20792852096413972,0.014559520694594985,2.2497996510575433,1.5626061445833472
E4,DH,6,30,0.27902643778428815,0.0582303117115901,2.199383690255505,1.7101317320528118
E4,DH,7,30,0.25541517689099624,0.0053264544620406085,2.260314806076769,1.6506186904690894
E4,DH,8,30,0.24275889606686654,0.016540672584064775,2.2475369891366133,1.6588219427538202
E4,DH,9,30,0.3157870732065037,0.07253077900458094,2.1826213501397596,1.6225540555287055
E4,DH,10,30,0.30688312436491555,0.06445707073142504,2.192100728917505,1.6829630726854972
E4,GY,1,30,0.34789572182410317,0.07642585164319438,31.46082355221479,24.792698594104422
E4,GY,2,30,0.30707617878021104,0.0018179769454603756,32.70687679379926,27.654457245283417
E4,GY,3,30,0.3083928398491872,0.024948437300597703,32.32570417851474,26.19807677296085
E4,GY,4,30,0.2145193648674401,-0.10558859245270491,34.42159396701842,28.104601510238776
E4,GY,5,30,0.24551211757252583,-0.02566549246783123,33.154087177190355,27.04984996335182
E4,GY,6,30,0.14027152052122385,-0.18417626925891706,35.623975196305565,29.43574451335468
E4,GY,7,30,0.2017955633330437,-0.08373874792087665,34.079758112301775,29.327897129582745
E4,GY,8,30,0.17618289312648955,-0.07368091064249893,33.92124774432479,27.868303848694723
E4,GY,9,30,0.31707164470234767,0.060945085262365306,31.723397857064956,26.869209329429818
E4,GY,10,30,0.0858894412632067,-0.20494664733296575,35.93503827288569,30.598822809792456
